date,zephyr_line_item_id,impressions_all,impressions_per_day,cpm,cpm_in_place
2020-01-01,ban_0,1898,1771,0.3719,0.658635
2020-01-01,ban_1,1316,1240,0.4201,0.520924
2020-01-01,ban_2,2268,1319,0.3184,0.41997
2020-01-01,ban_3,1902,1228,0.399,0.489972
2020-01-01,ban_4,2209,1980,0.2109,0.417582
2020-01-01,ban_5,1814,2035,0.1746,0.355311
2020-01-01,ban_6,2287,1286,0.2625,0.337575
2020-01-01,ban_7,1410,2369,0.446,1.056574
2020-01-01,ban_8,1150,1409,0.4522,0.63715
2020-01-01,ban_9,1236,2111,0.1684,0.355492
2020-01-01,int_0,330,318,16.3112,5.186962
2020-01-01,int_1,313,370,14.1453,5.233761
2020-01-01,int_2,279,315,20.7889,6.548504
2020-01-01,int_3,209,283,24.9369,7.057143
2020-01-01,int_4,217,319,13.9696,4.456302
2020-01-01,int_5,273,300,18.0754,5.42262
2020-01-01,rew_0,81,96,28.8635,2.770896
2020-01-01,rew_1,157,99,23.8126,2.357447
2020-01-01,rew_2,132,137,20.6163,2.824433
2020-01-01,rew_3,146,81,26.7328,2.165357
2020-01-01,rew_4,93,106,20.0498,2.125279
2020-01-01,rew_5,120,115,14.7392,1.695008
2020-01-01,nat_0,570,513,11.7531,6.02934
2020-01-01,nat_1,488,447,11.1076,4.965097
2020-01-01,nat_2,595,369,14.3134,5.281645
2020-01-01,nat_3,531,415,13.7783,5.717994
2020-01-01,nat_4,595,426,14.3716,6.122302
2020-01-01,nat_5,354,465,7.6389,3.552088
2020-01-02,ban_0,1920,1981,0.3992,0.790815
2020-01-02,ban_1,2470,1882,0.1864,0.350805
2020-01-02,ban_2,1670,1334,0.301,0.401534
2020-01-02,ban_3,1738,1847,0.4122,0.761333
2020-01-02,ban_4,1251,2316,0.5478,1.268705
2020-01-02,ban_5,2138,2130,0.388,0.82644
2020-01-02,ban_6,2272,2426,0.4766,1.156232
2020-01-02,ban_7,2239,2414,0.5419,1.308147
2020-01-02,ban_8,2172,1642,0.1885,0.309517
2020-01-02,ban_9,2285,1818,0.4636,0.842825
2020-01-02,int_0,229,374,17.4086,6.510816
2020-01-02,int_1,276,345,13.3834,4.617273
2020-01-02,int_2,369,286,21.1847,6.058824
2020-01-02,int_3,361,210,21.8061,4.579281
2020-01-02,int_4,284,387,24.0334,9.300926
2020-01-02,int_5,379,217,13.5103,2.931735
2020-01-02,rew_0,127,91,30.7178,2.79532
2020-01-02,rew_1,145,93,30.4931,2.835858
2020-01-02,rew_2,140,82,31.2133,2.559491
2020-01-02,rew_3,101,87,21.0794,1.833908
2020-01-02,rew_4,156,106,22.5514,2.390448
2020-01-02,rew_5,86,98,15.7885,1.547273
2020-01-02,nat_0,505,566,13.8068,7.814649
2020-01-02,nat_1,462,496,13.2694,6.581622
2020-01-02,nat_2,524,368,10.4725,3.85388
2020-01-02,nat_3,428,408,10.2458,4.180286
2020-01-02,nat_4,364,362,12.145,4.39649
2020-01-02,nat_5,484,403,13.4084,5.403585
2020-01-03,ban_0,1516,1372,0.4805,0.659246
2020-01-03,ban_1,1910,1020,0.4642,0.473484
2020-01-03,ban_2,2383,1044,0.2464,0.257242
2020-01-03,ban_3,2024,1228,0.4915,0.603562
2020-01-03,ban_4,2055,2252,0.3768,0.848554
2020-01-03,ban_5,2481,2136,0.4347,0.928519
2020-01-03,ban_6,1819,2123,0.4327,0.918622
2020-01-03,ban_7,1041,1915,0.4562,0.873623
2020-01-03,ban_8,1507,2095,0.4619,0.96768
2020-01-03,ban_9,2294,2040,0.2371,0.483684
2020-01-03,int_0,220,393,22.7582,8.943973
2020-01-03,int_1,388,259,17.3049,4.481969
2020-01-03,int_2,338,216,18.9023,4.082897
2020-01-03,int_3,371,200,12.5972,2.51944
2020-01-03,int_4,210,270,19.3986,5.237622
2020-01-03,int_5,387,257,22.521,5.787897
2020-01-03,rew_0,144,143,13.4269,1.920047
2020-01-03,rew_1,142,111,15.1673,1.68357
2020-01-03,rew_2,151,88,12.3915,1.090452
2020-01-03,rew_3,81,104,25.6999,2.67279
2020-01-03,rew_4,85,97,16.0571,1.557539
2020-01-03,rew_5,92,145,24.9607,3.619302
2020-01-03,nat_0,488,417,11.3278,4.723693
2020-01-03,nat_1,488,387,12.311,4.764357
2020-01-03,nat_2,544,490,12.1365,5.946885
2020-01-03,nat_3,499,541,13.6435,7.381134
2020-01-03,nat_4,409,590,10.0271,5.915989
2020-01-03,nat_5,485,531,14.5945,7.74968
2020-01-04,ban_0,1850,1740,0.2673,0.465102
2020-01-04,ban_1,2233,1810,0.4912,0.889072
2020-01-04,ban_2,1131,1687,0.4265,0.719506
2020-01-04,ban_3,1899,1035,0.3306,0.342171
2020-01-04,ban_4,1758,1726,0.4032,0.695923
2020-01-04,ban_5,1242,1831,0.3167,0.579878
2020-01-04,ban_6,1533,1980,0.2538,0.502524
2020-01-04,ban_7,2354,2049,0.3782,0.774932
2020-01-04,ban_8,1341,1014,0.2621,0.265769
2020-01-04,ban_9,2447,1720,0.3136,0.539392
2020-01-04,int_0,296,244,19.8277,4.837959
2020-01-04,int_1,341,396,13.173,5.216508
2020-01-04,int_2,351,229,16.0872,3.683969
2020-01-04,int_3,274,327,15.8654,5.187986
2020-01-04,int_4,319,392,18.6725,7.31962
2020-01-04,int_5,390,205,18.1582,3.722431
2020-01-04,rew_0,85,93,30.5297,2.839262
2020-01-04,rew_1,122,124,29.9362,3.712089
2020-01-04,rew_2,154,102,23.5878,2.405956
2020-01-04,rew_3,138,99,19.4791,1.928431
2020-01-04,rew_4,156,142,20.2562,2.87638
2020-01-04,rew_5,141,115,15.0727,1.73336
2020-01-04,nat_0,449,524,10.7115,5.612826
2020-01-04,nat_1,556,380,7.6572,2.909736
2020-01-04,nat_2,364,373,14.8781,5.549531
2020-01-04,nat_3,466,431,11.1434,4.802805
2020-01-04,nat_4,468,594,11.0803,6.581698
2020-01-04,nat_5,558,372,14.2939,5.317331
2020-01-05,ban_0,1685,1432,0.5423,0.776574
2020-01-05,ban_1,1115,1587,0.535,0.849045
2020-01-05,ban_2,1592,2232,0.5104,1.139213
2020-01-05,ban_3,1321,1376,0.1734,0.238598
2020-01-05,ban_4,1018,1485,0.4045,0.600682
2020-01-05,ban_5,1300,2041,0.289,0.589849
2020-01-05,ban_6,2125,2414,0.3026,0.730476
2020-01-05,ban_7,2401,1308,0.3632,0.475066
2020-01-05,ban_8,1663,2112,0.5397,1.139846
2020-01-05,ban_9,1514,1753,0.4272,0.748882
2020-01-05,int_0,254,214,15.8939,3.401295
2020-01-05,int_1,375,391,14.5015,5.670086
2020-01-05,int_2,263,395,22.8273,9.016783
2020-01-05,int_3,305,343,21.1404,7.251157
2020-01-05,int_4,232,360,14.74,5.3064
2020-01-05,int_5,383,291,22.4806,6.541855
2020-01-05,rew_0,154,120,26.6806,3.201672
2020-01-05,rew_1,82,112,31.5791,3.536859
2020-01-05,rew_2,145,142,29.7241,4.220822
2020-01-05,rew_3,103,154,30.4736,4.692934
2020-01-05,rew_4,91,118,27.9326,3.296047
2020-01-05,rew_5,130,124,21.8628,2.710987
2020-01-05,nat_0,464,376,9.2061,3.461494
2020-01-05,nat_1,456,409,9.1098,3.725908
2020-01-05,nat_2,565,515,9.5979,4.942918
2020-01-05,nat_3,530,369,11.1993,4.132542
2020-01-05,nat_4,361,509,9.7229,4.948956
2020-01-05,nat_5,514,526,14.911,7.843186
2020-01-06,ban_0,2138,1485,0.2829,0.420106
2020-01-06,ban_1,2028,1929,0.443,0.854547
2020-01-06,ban_2,2478,1237,0.4446,0.54997
2020-01-06,ban_3,1666,2431,0.4288,1.042413
2020-01-06,ban_4,2338,1870,0.2915,0.545105
2020-01-06,ban_5,2202,1562,0.3253,0.508119
2020-01-06,ban_6,2427,1196,0.338,0.404248
2020-01-06,ban_7,1529,2185,0.4123,0.900875
2020-01-06,ban_8,1482,2433,0.4258,1.035971
2020-01-06,ban_9,1928,1133,0.5108,0.578736
2020-01-06,int_0,300,396,23.5433,9.323147
2020-01-06,int_1,227,357,19.8016,7.069171
2020-01-06,int_2,243,312,17.2741,5.389519
2020-01-06,int_3,335,234,24.0205,5.620797
2020-01-06,int_4,280,242,13.8397,3.349207
2020-01-06,int_5,275,309,13.6233,4.2096
2020-01-06,rew_0,148,134,23.5177,3.151372
2020-01-06,rew_1,100,111,12.8636,1.42786
2020-01-06,rew_2,89,106,31.7202,3.362341
2020-01-06,rew_3,158,86,18.292,1.573112
2020-01-06,rew_4,143,127,13.6822,1.737639
2020-01-06,rew_5,137,94,27.282,2.564508
2020-01-06,nat_0,415,451,13.8065,6.226732
2020-01-06,nat_1,516,505,10.6364,5.371382
2020-01-06,nat_2,529,556,13.7344,7.636326
2020-01-06,nat_3,583,518,9.2794,4.806729
2020-01-06,nat_4,538,522,12.3306,6.436573
2020-01-06,nat_5,369,457,13.1135,5.992869
2020-01-07,ban_0,1239,2288,0.4408,1.00855
2020-01-07,ban_1,2062,1700,0.3446,0.58582
2020-01-07,ban_2,1795,2293,0.2517,0.577148
2020-01-07,ban_3,2304,2477,0.2449,0.606617
2020-01-07,ban_4,2321,1252,0.4355,0.545246
2020-01-07,ban_5,2119,1135,0.1972,0.223822
2020-01-07,ban_6,1935,1698,0.5107,0.867169
2020-01-07,ban_7,1895,2308,0.3442,0.794414
2020-01-07,ban_8,1676,1665,0.423,0.704295
2020-01-07,ban_9,1946,1730,0.1516,0.262268
2020-01-07,int_0,228,342,20.3376,6.955459
2020-01-07,int_1,351,234,23.6171,5.526401
2020-01-07,int_2,384,342,20.524,7.019208
2020-01-07,int_3,287,253,17.2722,4.369867
2020-01-07,int_4,323,385,14.0677,5.416064
2020-01-07,int_5,299,235,23.2476,5.463186
2020-01-07,rew_0,109,111,25.4306,2.822797
2020-01-07,rew_1,92,97,21.4499,2.08064
2020-01-07,rew_2,106,147,12.2546,1.801426
2020-01-07,rew_3,158,100,24.2976,2.42976
2020-01-07,rew_4,116,83,12.0137,0.997137
2020-01-07,rew_5,97,156,28.8632,4.502659
2020-01-07,nat_0,580,506,8.75,4.4275
2020-01-07,nat_1,411,482,12.5809,6.063994
2020-01-07,nat_2,455,461,12.4371,5.733503
2020-01-07,nat_3,519,431,10.728,4.623768
2020-01-07,nat_4,359,420,13.1508,5.523336
2020-01-07,nat_5,466,401,14.0526,5.635093
2020-01-08,ban_0,2072,1961,0.4036,0.79146
2020-01-08,ban_1,2089,1464,0.4341,0.635522
2020-01-08,ban_2,1305,2450,0.5034,1.23333
2020-01-08,ban_3,1313,2221,0.3064,0.680514
2020-01-08,ban_4,1536,1476,0.2302,0.339775
2020-01-08,ban_5,1701,1341,0.2959,0.396802
2020-01-08,ban_6,1126,2230,0.327,0.72921
2020-01-08,ban_7,1063,2313,0.2019,0.466995
2020-01-08,ban_8,2040,1609,0.3231,0.519868
2020-01-08,ban_9,1789,1145,0.2736,0.313272
2020-01-08,int_0,233,307,12.9399,3.972549
2020-01-08,int_1,376,236,24.1548,5.700533
2020-01-08,int_2,284,308,22.9198,7.059298
2020-01-08,int_3,220,200,12.5347,2.50694
2020-01-08,int_4,330,311,14.2816,4.441578
2020-01-08,int_5,233,339,16.3361,5.537938
2020-01-08,rew_0,157,145,30.093,4.363485
2020-01-08,rew_1,145,83,23.7723,1.973101
2020-01-08,rew_2,153,145,14.2015,2.059218
2020-01-08,rew_3,128,134,33.3708,4.471687
2020-01-08,rew_4,113,110,22.4265,2.466915
2020-01-08,rew_5,159,153,19.4681,2.978619
2020-01-08,nat_0,528,394,8.1695,3.218783
2020-01-08,nat_1,473,377,14.7389,5.556565
2020-01-08,nat_2,478,431,13.2425,5.707518
2020-01-08,nat_3,511,496,9.954,4.937184
2020-01-08,nat_4,590,498,12.8268,6.387746
2020-01-08,nat_5,369,536,7.7077,4.131327
2020-01-09,ban_0,1514,2438,0.5206,1.269223
2020-01-09,ban_1,1336,1285,0.3757,0.482774
2020-01-09,ban_2,1754,1578,0.2424,0.382507
2020-01-09,ban_3,2034,2148,0.4097,0.880036
2020-01-09,ban_4,1564,1597,0.2884,0.460575
2020-01-09,ban_5,1492,2073,0.2232,0.462694
2020-01-09,ban_6,1137,1842,0.3025,0.557205
2020-01-09,ban_7,2128,1683,0.1753,0.29503
2020-01-09,ban_8,1949,2239,0.5118,1.14592
2020-01-09,ban_9,1789,1544,0.2393,0.369479
2020-01-09,int_0,327,255,14.1078,3.597489
2020-01-09,int_1,331,359,14.6818,5.270766
2020-01-09,int_2,396,271,13.1495,3.563514
2020-01-09,int_3,298,311,20.8291,6.47785
2020-01-09,int_4,342,206,17.3915,3.582649
2020-01-09,int_5,364,299,16.1453,4.827445
2020-01-09,rew_0,141,147,29.1413,4.283771
2020-01-09,rew_1,127,129,28.2163,3.639903
2020-01-09,rew_2,119,140,23.7819,3.329466
2020-01-09,rew_3,83,150,23.0516,3.45774
2020-01-09,rew_4,149,80,21.5105,1.72084
2020-01-09,rew_5,158,140,18.22,2.5508
2020-01-09,nat_0,545,582,9.0531,5.268904
2020-01-09,nat_1,431,351,12.9094,4.531199
2020-01-09,nat_2,477,577,9.7733,5.639194
2020-01-09,nat_3,358,516,9.519,4.911804
2020-01-09,nat_4,568,396,11.4124,4.51931
2020-01-09,nat_5,447,478,14.4108,6.888362
2020-01-10,ban_0,1959,1334,0.5335,0.711689
2020-01-10,ban_1,1184,2460,0.4356,1.071576
2020-01-10,ban_2,1242,1623,0.369,0.598887
2020-01-10,ban_3,1822,1584,0.4849,0.768082
2020-01-10,ban_4,1120,1924,0.3016,0.580278
2020-01-10,ban_5,2260,1228,0.241,0.295948
2020-01-10,ban_6,1100,1736,0.1871,0.324806
2020-01-10,ban_7,2083,1422,0.378,0.537516
2020-01-10,ban_8,1966,1473,0.4361,0.642375
2020-01-10,ban_9,1823,1640,0.2283,0.374412
2020-01-10,int_0,328,265,18.3866,4.872449
2020-01-10,int_1,225,349,15.2716,5.329788
2020-01-10,int_2,240,397,23.2404,9.226439
2020-01-10,int_3,293,248,18.5552,4.60169
2020-01-10,int_4,274,396,13.2535,5.248386
2020-01-10,int_5,230,200,19.7426,3.94852
2020-01-10,rew_0,84,134,32.4015,4.341801
2020-01-10,rew_1,86,159,22.8275,3.629572
2020-01-10,rew_2,81,150,25.8338,3.87507
2020-01-10,rew_3,98,127,27.2502,3.460775
2020-01-10,rew_4,106,109,17.5368,1.911511
2020-01-10,rew_5,153,112,15.8557,1.775838
2020-01-10,nat_0,425,531,7.5033,3.984252
2020-01-10,nat_1,491,446,10.1273,4.516776
2020-01-10,nat_2,437,452,8.0381,3.633221
2020-01-10,nat_3,541,494,9.792,4.837248
2020-01-10,nat_4,518,350,9.7592,3.41572
2020-01-10,nat_5,577,547,11.1981,6.125361
2020-01-11,ban_0,1387,1335,0.2331,0.311188
2020-01-11,ban_1,1683,1713,0.338,0.578994
2020-01-11,ban_2,2407,2468,0.1719,0.424249
2020-01-11,ban_3,1435,1291,0.2191,0.282858
2020-01-11,ban_4,1941,1373,0.2877,0.395012
2020-01-11,ban_5,1715,2033,0.2076,0.422051
2020-01-11,ban_6,1430,2197,0.5008,1.100258
2020-01-11,ban_7,1410,1868,0.205,0.38294
2020-01-11,ban_8,1520,1968,0.3757,0.739378
2020-01-11,ban_9,1104,1457,0.5106,0.743944
2020-01-11,int_0,248,214,15.223,3.257722
2020-01-11,int_1,210,301,16.3895,4.93324
2020-01-11,int_2,323,257,20.4199,5.247914
2020-01-11,int_3,266,309,21.7152,6.709997
2020-01-11,int_4,383,357,17.8614,6.37652
2020-01-11,int_5,343,367,24.4796,8.984013
2020-01-11,rew_0,84,138,23.3719,3.225322
2020-01-11,rew_1,145,124,27.3743,3.394413
2020-01-11,rew_2,90,102,27.8855,2.844321
2020-01-11,rew_3,113,137,20.7001,2.835914
2020-01-11,rew_4,82,122,25.15,3.0683
2020-01-11,rew_5,148,151,31.832,4.806632
2020-01-11,nat_0,597,447,12.3372,5.514728
2020-01-11,nat_1,426,365,12.3945,4.523992
2020-01-11,nat_2,555,535,13.375,7.155625
2020-01-11,nat_3,521,492,13.9532,6.864974
2020-01-11,nat_4,529,524,9.9382,5.207617
2020-01-11,nat_5,560,370,7.7496,2.867352
2020-01-12,ban_0,1967,2466,0.3737,0.921544
2020-01-12,ban_1,1704,2290,0.4467,1.022943
2020-01-12,ban_2,1578,1743,0.4716,0.821999
2020-01-12,ban_3,1016,1752,0.2208,0.386842
2020-01-12,ban_4,2153,2063,0.1671,0.344727
2020-01-12,ban_5,1791,2164,0.4116,0.890702
2020-01-12,ban_6,1621,1259,0.4694,0.590975
2020-01-12,ban_7,2070,1450,0.2133,0.309285
2020-01-12,ban_8,1911,2493,0.5032,1.254478
2020-01-12,ban_9,1822,1043,0.3398,0.354411
2020-01-12,int_0,264,294,17.3172,5.091257
2020-01-12,int_1,222,301,22.5592,6.790319
2020-01-12,int_2,347,253,24.1406,6.107572
2020-01-12,int_3,221,255,20.4974,5.226837
2020-01-12,int_4,222,274,19.5651,5.360837
2020-01-12,int_5,367,216,24.1868,5.224349
2020-01-12,rew_0,151,145,16.1054,2.335283
2020-01-12,rew_1,102,116,15.1864,1.761622
2020-01-12,rew_2,127,97,11.7829,1.142941
2020-01-12,rew_3,93,101,16.9468,1.711627
2020-01-12,rew_4,107,144,15.6535,2.254104
2020-01-12,rew_5,143,152,29.5172,4.486614
2020-01-12,nat_0,421,445,10.6536,4.740852
2020-01-12,nat_1,421,570,7.7144,4.397208
2020-01-12,nat_2,456,482,14.2767,6.881369
2020-01-12,nat_3,489,539,13.4801,7.265774
2020-01-12,nat_4,457,531,11.8422,6.288208
2020-01-12,nat_5,435,581,10.9314,6.351143
2020-01-13,ban_0,1672,2430,0.4458,1.083294
2020-01-13,ban_1,1043,1404,0.2156,0.302702
2020-01-13,ban_2,1921,2171,0.2824,0.61309
2020-01-13,ban_3,2461,2499,0.5388,1.346461
2020-01-13,ban_4,2079,1631,0.4438,0.723838
2020-01-13,ban_5,1338,1873,0.4268,0.799396
2020-01-13,ban_6,2347,1834,0.1715,0.314531
2020-01-13,ban_7,2057,2354,0.3371,0.793533
2020-01-13,ban_8,2307,1259,0.2938,0.369894
2020-01-13,ban_9,2391,1026,0.356,0.365256
2020-01-13,int_0,238,289,12.6049,3.642816
2020-01-13,int_1,245,248,13.3925,3.32134
2020-01-13,int_2,217,269,23.3732,6.287391
2020-01-13,int_3,276,283,14.6639,4.149884
2020-01-13,int_4,202,259,14.7364,3.816728
2020-01-13,int_5,299,279,23.2352,6.482621
2020-01-13,rew_0,114,81,27.5843,2.234328
2020-01-13,rew_1,159,144,20.8332,2.999981
2020-01-13,rew_2,100,137,21.1079,2.891782
2020-01-13,rew_3,125,123,15.2726,1.87853
2020-01-13,rew_4,123,129,29.7882,3.842678
2020-01-13,rew_5,83,144,31.5216,4.53911
2020-01-13,nat_0,595,598,9.5983,5.739783
2020-01-13,nat_1,518,450,14.5108,6.52986
2020-01-13,nat_2,403,502,8.2147,4.123779
2020-01-13,nat_3,505,359,9.2206,3.310195
2020-01-13,nat_4,482,579,12.3409,7.145381
2020-01-13,nat_5,591,487,10.355,5.042885
2020-01-14,ban_0,1923,2219,0.3712,0.823693
2020-01-14,ban_1,1619,2023,0.1842,0.372637
2020-01-14,ban_2,1991,2147,0.1969,0.422744
2020-01-14,ban_3,1415,1172,0.2257,0.26452
2020-01-14,ban_4,1671,2457,0.2301,0.565356
2020-01-14,ban_5,2166,1612,0.2459,0.396391
2020-01-14,ban_6,1924,1366,0.5471,0.747339
2020-01-14,ban_7,2363,2215,0.3092,0.684878
2020-01-14,ban_8,1931,1111,0.346,0.384406
2020-01-14,ban_9,1554,1332,0.4646,0.618847
2020-01-14,int_0,318,253,17.3708,4.394812
2020-01-14,int_1,310,225,23.1737,5.214083
2020-01-14,int_2,200,263,15.9711,4.200399
2020-01-14,int_3,352,334,24.468,8.172312
2020-01-14,int_4,365,269,24.9411,6.709156
2020-01-14,int_5,206,299,22.2356,6.648444
2020-01-14,rew_0,133,85,27.4841,2.336148
2020-01-14,rew_1,93,140,12.2588,1.716232
2020-01-14,rew_2,150,90,16.5188,1.486692
2020-01-14,rew_3,156,138,16.4264,2.266843
2020-01-14,rew_4,122,135,29.0306,3.919131
2020-01-14,rew_5,158,132,29.1627,3.849476
2020-01-14,nat_0,461,586,13.5399,7.934381
2020-01-14,nat_1,580,398,13.3039,5.294952
2020-01-14,nat_2,483,424,8.089,3.429736
2020-01-14,nat_3,432,465,9.4511,4.394762
2020-01-14,nat_4,511,450,10.5158,4.73211
2020-01-14,nat_5,462,555,8.9783,4.982956
2020-01-15,ban_0,1263,1164,0.2955,0.343962
2020-01-15,ban_1,1177,1797,0.2085,0.374674
2020-01-15,ban_2,1642,2292,0.2083,0.477424
2020-01-15,ban_3,1240,1808,0.2976,0.538061
2020-01-15,ban_4,1561,1146,0.2413,0.27653
2020-01-15,ban_5,1702,1195,0.3625,0.433188
2020-01-15,ban_6,2115,2209,0.2658,0.587152
2020-01-15,ban_7,2184,1328,0.2997,0.398002
2020-01-15,ban_8,1099,1084,0.3142,0.340593
2020-01-15,ban_9,2486,2398,0.224,0.537152
2020-01-15,int_0,318,373,16.0818,5.998511
2020-01-15,int_1,293,374,21.6705,8.104767
2020-01-15,int_2,213,262,12.9025,3.380455
2020-01-15,int_3,368,337,12.5807,4.239696
2020-01-15,int_4,266,388,18.5704,7.205315
2020-01-15,int_5,239,202,20.9356,4.228991
2020-01-15,rew_0,124,108,23.53,2.54124
2020-01-15,rew_1,136,122,27.0829,3.304114
2020-01-15,rew_2,97,155,22.9333,3.554662
2020-01-15,rew_3,149,89,27.5628,2.453089
2020-01-15,rew_4,124,85,30.2746,2.573341
2020-01-15,rew_5,90,84,13.5857,1.141199
2020-01-15,nat_0,409,503,10.3232,5.19257
2020-01-15,nat_1,568,540,11.2565,6.07851
2020-01-15,nat_2,353,385,10.4272,4.014472
2020-01-15,nat_3,524,425,9.6281,4.091942
2020-01-15,nat_4,484,372,10.8642,4.041482
2020-01-15,nat_5,383,401,12.3454,4.950505
2020-01-16,ban_0,1075,1766,0.4588,0.810241
2020-01-16,ban_1,1957,1531,0.4779,0.731665
2020-01-16,ban_2,2330,1987,0.3685,0.73221
2020-01-16,ban_3,1248,2240,0.4294,0.961856
2020-01-16,ban_4,2358,1823,0.4793,0.873764
2020-01-16,ban_5,1595,1550,0.4061,0.629455
2020-01-16,ban_6,2015,1887,0.3233,0.610067
2020-01-16,ban_7,1294,1801,0.346,0.623146
2020-01-16,ban_8,1309,2053,0.2353,0.483071
2020-01-16,ban_9,2109,1773,0.4107,0.728171
2020-01-16,int_0,335,268,21.5433,5.773604
2020-01-16,int_1,260,263,15.2375,4.007462
2020-01-16,int_2,296,248,15.8952,3.94201
2020-01-16,int_3,335,295,23.7987,7.020616
2020-01-16,int_4,379,246,13.4042,3.297433
2020-01-16,int_5,346,266,20.9077,5.561448
2020-01-16,rew_0,127,113,31.0366,3.507136
2020-01-16,rew_1,124,86,28.8775,2.483465
2020-01-16,rew_2,156,120,31.3592,3.763104
2020-01-16,rew_3,81,138,19.9563,2.753969
2020-01-16,rew_4,159,103,19.0222,1.959287
2020-01-16,rew_5,148,131,31.2987,4.10013
2020-01-16,nat_0,439,364,13.1115,4.772586
2020-01-16,nat_1,450,512,14.2953,7.319194
2020-01-16,nat_2,493,428,9.9607,4.26318
2020-01-16,nat_3,398,414,10.1373,4.196842
2020-01-16,nat_4,350,510,12.9076,6.582876
2020-01-16,nat_5,457,397,9.0323,3.585823
2020-01-17,ban_0,2416,1049,0.4657,0.488519
2020-01-17,ban_1,1019,2278,0.2146,0.488859
2020-01-17,ban_2,1945,1270,0.3507,0.445389
2020-01-17,ban_3,1677,1986,0.2079,0.412889
2020-01-17,ban_4,1082,2172,0.396,0.860112
2020-01-17,ban_5,1615,1647,0.3619,0.596049
2020-01-17,ban_6,1174,1023,0.388,0.396924
2020-01-17,ban_7,1938,2203,0.3527,0.776998
2020-01-17,ban_8,1141,1201,0.244,0.293044
2020-01-17,ban_9,1475,2154,0.2306,0.496712
2020-01-17,int_0,300,369,19.0921,7.044985
2020-01-17,int_1,292,215,16.9826,3.651259
2020-01-17,int_2,207,282,23.933,6.749106
2020-01-17,int_3,364,342,19.8291,6.781552
2020-01-17,int_4,305,298,20.6021,6.139426
2020-01-17,int_5,387,291,24.3695,7.091524
2020-01-17,rew_0,141,111,17.3655,1.92757
2020-01-17,rew_1,96,83,23.3949,1.941777
2020-01-17,rew_2,152,117,33.4275,3.911018
2020-01-17,rew_3,143,105,13.7846,1.447383
2020-01-17,rew_4,105,89,14.8962,1.325762
2020-01-17,rew_5,141,86,33.4895,2.880097
2020-01-17,nat_0,551,359,14.7231,5.285593
2020-01-17,nat_1,549,531,12.5895,6.685024
2020-01-17,nat_2,585,430,13.3879,5.756797
2020-01-17,nat_3,546,365,11.9642,4.366933
2020-01-17,nat_4,387,403,13.7469,5.540001
2020-01-17,nat_5,366,431,14.4631,6.233596
2020-01-18,ban_0,2305,2395,0.4056,0.971412
2020-01-18,ban_1,2218,1098,0.2764,0.303487
2020-01-18,ban_2,2196,1997,0.4165,0.83175
2020-01-18,ban_3,1808,1810,0.2951,0.534131
2020-01-18,ban_4,1044,1896,0.4863,0.922025
2020-01-18,ban_5,2193,1565,0.2141,0.335067
2020-01-18,ban_6,1240,1165,0.5148,0.599742
2020-01-18,ban_7,1411,2054,0.2298,0.472009
2020-01-18,ban_8,1291,1923,0.4853,0.933232
2020-01-18,ban_9,1328,1716,0.1999,0.343028
2020-01-18,int_0,241,291,23.5061,6.840275
2020-01-18,int_1,336,293,24.2383,7.101822
2020-01-18,int_2,311,333,21.2688,7.08251
2020-01-18,int_3,262,290,20.0524,5.815196
2020-01-18,int_4,344,206,23.8611,4.915387
2020-01-18,int_5,255,246,24.7274,6.08294
2020-01-18,rew_0,95,145,29.371,4.258795
2020-01-18,rew_1,104,97,13.6739,1.326368
2020-01-18,rew_2,133,146,20.7838,3.034435
2020-01-18,rew_3,116,153,27.7666,4.24829
2020-01-18,rew_4,88,117,20.9466,2.450752
2020-01-18,rew_5,149,136,24.69,3.35784
2020-01-18,nat_0,381,532,8.7455,4.652606
2020-01-18,nat_1,529,452,14.4986,6.553367
2020-01-18,nat_2,350,423,8.0763,3.416275
2020-01-18,nat_3,388,585,14.5837,8.531464
2020-01-18,nat_4,585,374,14.4365,5.399251
2020-01-18,nat_5,368,438,9.6656,4.233533
2020-01-19,ban_0,1739,1055,0.3044,0.321142
2020-01-19,ban_1,2474,2065,0.1724,0.356006
2020-01-19,ban_2,1996,1477,0.4158,0.614137
2020-01-19,ban_3,2014,1409,0.3859,0.543733
2020-01-19,ban_4,1164,1566,0.2381,0.372865
2020-01-19,ban_5,2113,1338,0.3809,0.509644
2020-01-19,ban_6,1555,1700,0.3546,0.60282
2020-01-19,ban_7,1921,1102,0.4973,0.548025
2020-01-19,ban_8,2281,2448,0.1542,0.377482
2020-01-19,ban_9,2307,1410,0.4076,0.574716
2020-01-19,int_0,380,212,23.1483,4.90744
2020-01-19,int_1,347,277,18.6579,5.168238
2020-01-19,int_2,229,376,23.8633,8.972601
2020-01-19,int_3,343,279,19.0709,5.320781
2020-01-19,int_4,273,203,18.3708,3.729272
2020-01-19,int_5,275,371,17.6759,6.557759
2020-01-19,rew_0,121,155,24.6023,3.813356
2020-01-19,rew_1,111,140,26.9553,3.773742
2020-01-19,rew_2,81,148,28.9826,4.289425
2020-01-19,rew_3,96,91,27.2164,2.476692
2020-01-19,rew_4,118,85,13.3574,1.135379
2020-01-19,rew_5,113,147,22.0393,3.239777
2020-01-19,nat_0,380,460,11.2672,5.182912
2020-01-19,nat_1,414,474,9.7032,4.599317
2020-01-19,nat_2,515,543,11.9606,6.494606
2020-01-19,nat_3,404,451,12.8107,5.777626
2020-01-19,nat_4,513,414,13.634,5.644476
2020-01-19,nat_5,582,522,12.5332,6.54233
2020-01-20,ban_0,1217,1032,0.298,0.307536
2020-01-20,ban_1,1568,2340,0.3122,0.730548
2020-01-20,ban_2,2257,1926,0.5221,1.005565
2020-01-20,ban_3,1715,1528,0.4457,0.68103
2020-01-20,ban_4,1960,2405,0.3219,0.77417
2020-01-20,ban_5,1477,2496,0.2499,0.62375
2020-01-20,ban_6,2261,1530,0.3323,0.508419
2020-01-20,ban_7,1454,2096,0.4074,0.85391
2020-01-20,ban_8,1749,2320,0.3658,0.848656
2020-01-20,ban_9,2082,2439,0.1875,0.457312
2020-01-20,int_0,298,286,23.8203,6.812606
2020-01-20,int_1,280,221,24.1534,5.337901
2020-01-20,int_2,319,324,24.1249,7.816468
2020-01-20,int_3,366,373,15.6598,5.841105
2020-01-20,int_4,263,357,23.4444,8.369651
2020-01-20,int_5,361,280,16.1412,4.519536
2020-01-20,rew_0,102,117,20.9859,2.45535
2020-01-20,rew_1,117,158,14.8534,2.346837
2020-01-20,rew_2,104,106,18.3131,1.941189
2020-01-20,rew_3,143,153,28.3008,4.330022
2020-01-20,rew_4,109,100,32.7632,3.27632
2020-01-20,rew_5,114,93,18.5132,1.721728
2020-01-20,nat_0,506,422,8.1757,3.450145
2020-01-20,nat_1,550,593,13.2466,7.855234
2020-01-20,nat_2,361,511,12.6335,6.455718
2020-01-20,nat_3,457,457,12.3726,5.654278
2020-01-20,nat_4,564,555,12.6209,7.0046
2020-01-20,nat_5,522,393,11.02,4.33086
2020-01-21,ban_0,2051,1320,0.3658,0.482856
2020-01-21,ban_1,1191,1141,0.4944,0.56411
2020-01-21,ban_2,1833,2367,0.4727,1.118881
2020-01-21,ban_3,1194,1248,0.1985,0.247728
2020-01-21,ban_4,2184,1226,0.1775,0.217615
2020-01-21,ban_5,1453,1571,0.3418,0.536968
2020-01-21,ban_6,1793,1312,0.4048,0.531098
2020-01-21,ban_7,1521,1224,0.4616,0.564998
2020-01-21,ban_8,2136,2431,0.5331,1.295966
2020-01-21,ban_9,1241,2442,0.31,0.75702
2020-01-21,int_0,391,336,15.3465,5.156424
2020-01-21,int_1,274,388,15.6935,6.089078
2020-01-21,int_2,372,368,22.3139,8.211515
2020-01-21,int_3,205,214,15.6665,3.352631
2020-01-21,int_4,240,258,19.6924,5.080639
2020-01-21,int_5,290,341,17.8888,6.100081
2020-01-21,rew_0,131,136,16.6916,2.270058
2020-01-21,rew_1,88,107,26.6038,2.846607
2020-01-21,rew_2,158,153,20.8059,3.183303
2020-01-21,rew_3,147,138,12.0555,1.663659
2020-01-21,rew_4,84,80,31.4412,2.515296
2020-01-21,rew_5,138,137,16.2513,2.226428
2020-01-21,nat_0,373,370,13.6751,5.059787
2020-01-21,nat_1,550,457,10.0895,4.610902
2020-01-21,nat_2,524,486,14.1385,6.871311
2020-01-21,nat_3,550,518,14.266,7.389788
2020-01-21,nat_4,429,369,9.3597,3.453729
2020-01-21,nat_5,574,599,10.0318,6.009048
2020-01-22,ban_0,1039,1603,0.2059,0.330058
2020-01-22,ban_1,1268,1545,0.3641,0.562534
2020-01-22,ban_2,2040,1315,0.3049,0.400944
2020-01-22,ban_3,2382,2016,0.491,0.989856
2020-01-22,ban_4,1580,1511,0.4939,0.746283
2020-01-22,ban_5,1270,1443,0.1936,0.279365
2020-01-22,ban_6,1596,2102,0.4543,0.954939
2020-01-22,ban_7,1565,1334,0.2463,0.328564
2020-01-22,ban_8,1530,1748,0.1847,0.322856
2020-01-22,ban_9,1508,1682,0.5264,0.885405
2020-01-22,int_0,358,333,24.6111,8.195496
2020-01-22,int_1,299,329,19.0247,6.259126
2020-01-22,int_2,271,380,19.9124,7.566712
2020-01-22,int_3,379,242,20.962,5.072804
2020-01-22,int_4,350,233,16.4388,3.83024
2020-01-22,int_5,381,372,18.8128,6.998362
2020-01-22,rew_0,83,91,26.1948,2.383727
2020-01-22,rew_1,87,113,30.6804,3.466885
2020-01-22,rew_2,116,131,13.5657,1.777107
2020-01-22,rew_3,132,122,14.3742,1.753652
2020-01-22,rew_4,104,107,31.9755,3.421378
2020-01-22,rew_5,142,130,15.046,1.95598
2020-01-22,nat_0,536,553,13.5062,7.468929
2020-01-22,nat_1,477,499,9.9196,4.94988
2020-01-22,nat_2,476,490,10.9887,5.384463
2020-01-22,nat_3,530,353,14.8057,5.226412
2020-01-22,nat_4,435,589,7.7905,4.588604
2020-01-22,nat_5,510,422,13.729,5.793638
2020-01-23,ban_0,1235,1937,0.3414,0.661292
2020-01-23,ban_1,1387,1200,0.513,0.6156
2020-01-23,ban_2,1622,1375,0.5036,0.69245
2020-01-23,ban_3,2270,1269,0.1769,0.224486
2020-01-23,ban_4,1731,1603,0.1669,0.267541
2020-01-23,ban_5,1079,1324,0.3648,0.482995
2020-01-23,ban_6,1537,2241,0.4487,1.005537
2020-01-23,ban_7,1859,1701,0.3486,0.592969
2020-01-23,ban_8,1294,2457,0.1561,0.383538
2020-01-23,ban_9,1368,2023,0.2056,0.415929
2020-01-23,int_0,292,332,24.906,8.268792
2020-01-23,int_1,396,309,23.073,7.129557
2020-01-23,int_2,331,392,24.1863,9.48103
2020-01-23,int_3,312,367,14.811,5.435637
2020-01-23,int_4,374,200,16.7114,3.34228
2020-01-23,int_5,392,331,16.8685,5.583474
2020-01-23,rew_0,138,84,14.5537,1.222511
2020-01-23,rew_1,123,123,16.3413,2.00998
2020-01-23,rew_2,93,105,20.9598,2.200779
2020-01-23,rew_3,126,99,12.0226,1.190237
2020-01-23,rew_4,90,122,15.2981,1.866368
2020-01-23,rew_5,134,112,28.7364,3.218477
2020-01-23,nat_0,546,424,10.195,4.32268
2020-01-23,nat_1,523,593,12.9255,7.664822
2020-01-23,nat_2,501,456,9.1109,4.15457
2020-01-23,nat_3,454,351,9.0829,3.188098
2020-01-23,nat_4,414,576,12.1199,6.981062
2020-01-23,nat_5,496,389,11.3891,4.43036
2020-01-24,ban_0,1516,1286,0.3927,0.505012
2020-01-24,ban_1,1297,2208,0.3283,0.724886
2020-01-24,ban_2,1369,2347,0.4623,1.085018
2020-01-24,ban_3,2235,1461,0.3994,0.583523
2020-01-24,ban_4,2058,1549,0.2143,0.331951
2020-01-24,ban_5,1974,1984,0.2789,0.553338
2020-01-24,ban_6,2174,2118,0.5067,1.073191
2020-01-24,ban_7,1902,2465,0.4921,1.213026
2020-01-24,ban_8,1473,1895,0.2331,0.441724
2020-01-24,ban_9,2186,1754,0.1912,0.335365
2020-01-24,int_0,297,273,13.4283,3.665926
2020-01-24,int_1,377,202,21.9246,4.428769
2020-01-24,int_2,301,250,21.2999,5.324975
2020-01-24,int_3,267,294,23.8126,7.000904
2020-01-24,int_4,381,399,17.2532,6.884027
2020-01-24,int_5,257,288,17.6498,5.083142
2020-01-24,rew_0,119,129,16.2519,2.096495
2020-01-24,rew_1,136,130,23.142,3.00846
2020-01-24,rew_2,130,155,12.042,1.86651
2020-01-24,rew_3,108,89,27.017,2.404513
2020-01-24,rew_4,135,116,31.3938,3.641681
2020-01-24,rew_5,132,106,22.9879,2.436717
2020-01-24,nat_0,507,494,12.1724,6.013166
2020-01-24,nat_1,593,381,13.9149,5.301577
2020-01-24,nat_2,498,390,12.8038,4.993482
2020-01-24,nat_3,531,393,10.3897,4.083152
2020-01-24,nat_4,563,438,12.995,5.69181
2020-01-24,nat_5,489,427,9.1814,3.920458
2020-01-25,ban_0,2106,2037,0.4617,0.940483
2020-01-25,ban_1,1580,1357,0.3516,0.477121
2020-01-25,ban_2,1608,1678,0.4356,0.730937
2020-01-25,ban_3,1339,1967,0.2966,0.583412
2020-01-25,ban_4,2435,2208,0.3972,0.877018
2020-01-25,ban_5,1051,1650,0.2337,0.385605
2020-01-25,ban_6,2012,1290,0.2303,0.297087
2020-01-25,ban_7,2405,1896,0.1946,0.368962
2020-01-25,ban_8,2306,1415,0.2202,0.311583
2020-01-25,ban_9,1003,1143,0.1833,0.209512
2020-01-25,int_0,383,319,19.0105,6.06435
2020-01-25,int_1,231,239,21.2944,5.089362
2020-01-25,int_2,292,227,12.5175,2.841472
2020-01-25,int_3,204,327,22.9121,7.492257
2020-01-25,int_4,339,242,21.2746,5.148453
2020-01-25,int_5,386,211,21.1351,4.459506
2020-01-25,rew_0,109,131,30.317,3.971527
2020-01-25,rew_1,89,153,27.3399,4.183005
2020-01-25,rew_2,85,154,31.8729,4.908427
2020-01-25,rew_3,95,88,30.9481,2.723433
2020-01-25,rew_4,93,84,17.8604,1.500274
2020-01-25,rew_5,110,109,27.0631,2.949878
2020-01-25,nat_0,466,370,14.5548,5.385276
2020-01-25,nat_1,454,582,9.2827,5.402531
2020-01-25,nat_2,387,402,12.6614,5.089883
2020-01-25,nat_3,560,364,11.572,4.212208
2020-01-25,nat_4,456,366,7.595,2.77977
2020-01-25,nat_5,358,455,14.3375,6.523562
2020-01-26,ban_0,2110,1816,0.3924,0.712598
2020-01-26,ban_1,1287,2362,0.3749,0.885514
2020-01-26,ban_2,1055,1440,0.3253,0.468432
2020-01-26,ban_3,2136,1950,0.2426,0.47307
2020-01-26,ban_4,1319,1069,0.1738,0.185792
2020-01-26,ban_5,1894,1024,0.3115,0.318976
2020-01-26,ban_6,1984,2038,0.1753,0.357261
2020-01-26,ban_7,1228,1256,0.164,0.205984
2020-01-26,ban_8,2098,1539,0.3856,0.593438
2020-01-26,ban_9,2229,1470,0.4306,0.632982
2020-01-26,int_0,250,242,19.0723,4.615497
2020-01-26,int_1,356,391,22.5622,8.82182
2020-01-26,int_2,330,257,18.4821,4.7499
2020-01-26,int_3,340,292,13.0613,3.8139
2020-01-26,int_4,349,365,14.8441,5.418096
2020-01-26,int_5,225,382,14.602,5.577964
2020-01-26,rew_0,129,149,31.9411,4.759224
2020-01-26,rew_1,154,155,20.4727,3.173269
2020-01-26,rew_2,148,130,13.303,1.72939
2020-01-26,rew_3,123,144,12.7332,1.833581
2020-01-26,rew_4,153,158,27.1358,4.287456
2020-01-26,rew_5,141,110,24.8606,2.734666
2020-01-26,nat_0,403,453,14.566,6.598398
2020-01-26,nat_1,351,514,8.4992,4.368589
2020-01-26,nat_2,438,411,11.9286,4.902655
2020-01-26,nat_3,438,460,13.8579,6.374634
2020-01-26,nat_4,418,572,12.3694,7.075297
2020-01-26,nat_5,439,554,9.7092,5.378897
